Date,Link,PDF Download Link
02-Aug-23,https://www.drishtiias.com/current-affairs-news-analysis-editorials/news-analysis/02-08-2023,https://www.drishtiias.com/current-affairs-news-analysis-editorials/news-analysis/02-08-2023/print/manual
01-Aug-23,https://www.drishtiias.com/current-affairs-news-analysis-editorials/news-analysis/01-08-2023,https://www.drishtiias.com/current-affairs-news-analysis-editorials/news-analysis/01-08-2023/print/manual
31-Jul-23,https://www.drishtiias.com/current-affairs-news-analysis-editorials/news-analysis/31-07-2023,https://www.drishtiias.com/current-affairs-news-analysis-editorials/news-analysis/31-07-2023/print/manual
29-Jul-23,https://www.drishtiias.com/current-affairs-news-analysis-editorials/news-analysis/29-07-2023,https://www.drishtiias.com/current-affairs-news-analysis-editorials/news-analysis/29-07-2023/print/manual
28-Jul-23,https://www.drishtiias.com/current-affairs-news-analysis-editorials/news-analysis/28-07-2023,https://www.drishtiias.com/current-affairs-news-analysis-editorials/news-analysis/28-07-2023/print/manual
27-Jul-23,https://www.drishtiias.com/current-affairs-news-analysis-editorials/news-analysis/27-07-2023,https://www.drishtiias.com/current-affairs-news-analysis-editorials/news-analysis/27-07-2023/print/manual
26-Jul-23,https://www.drishtiias.com/current-affairs-news-analysis-editorials/news-analysis/26-07-2023,https://www.drishtiias.com/current-affairs-news-analysis-editorials/news-analysis/26-07-2023/print/manual
25-Jul-23,https://www.drishtiias.com/current-affairs-news-analysis-editorials/news-analysis/25-07-2023,https://www.drishtiias.com/current-affairs-news-analysis-editorials/news-analysis/25-07-2023/print/manual
24-Jul-23,https://www.drishtiias.com/current-affairs-news-analysis-editorials/news-analysis/24-07-2023,https://www.drishtiias.com/current-affairs-news-analysis-editorials/news-analysis/24-07-2023/print/manual
22-Jul-23,https://www.drishtiias.com/current-affairs-news-analysis-editorials/news-analysis/22-07-2023,https://www.drishtiias.com/current-affairs-news-analysis-editorials/news-analysis/22-07-2023/print/manual
21-Jul-23,https://www.drishtiias.com/current-affairs-news-analysis-editorials/news-analysis/21-07-2023,https://www.drishtiias.com/current-affairs-news-analysis-editorials/news-analysis/21-07-2023/print/manual
20-Jul-23,https://www.drishtiias.com/current-affairs-news-analysis-editorials/news-analysis/20-07-2023,https://www.drishtiias.com/current-affairs-news-analysis-editorials/news-analysis/20-07-2023/print/manual
19-Jul-23,https://www.drishtiias.com/current-affairs-news-analysis-editorials/news-analysis/19-07-2023,https://www.drishtiias.com/current-affairs-news-analysis-editorials/news-analysis/19-07-2023/print/manual
18-Jul-23,https://www.drishtiias.com/current-affairs-news-analysis-editorials/news-analysis/18-07-2023,https://www.drishtiias.com/current-affairs-news-analysis-editorials/news-analysis/18-07-2023/print/manual
17-Jul-23,https://www.drishtiias.com/current-affairs-news-analysis-editorials/news-analysis/17-07-2023,https://www.drishtiias.com/current-affairs-news-analysis-editorials/news-analysis/17-07-2023/print/manual
15-Jul-23,https://www.drishtiias.com/current-affairs-news-analysis-editorials/news-analysis/15-07-2023,https://www.drishtiias.com/current-affairs-news-analysis-editorials/news-analysis/15-07-2023/print/manual
14-Jul-23,https://www.drishtiias.com/current-affairs-news-analysis-editorials/news-analysis/14-07-2023,https://www.drishtiias.com/current-affairs-news-analysis-editorials/news-analysis/14-07-2023/print/manual
13-Jul-23,https://www.drishtiias.com/current-affairs-news-analysis-editorials/news-analysis/13-07-2023,https://www.drishtiias.com/current-affairs-news-analysis-editorials/news-analysis/13-07-2023/print/manual
12-Jul-23,https://www.drishtiias.com/current-affairs-news-analysis-editorials/news-analysis/12-07-2023,https://www.drishtiias.com/current-affairs-news-analysis-editorials/news-analysis/12-07-2023/print/manual
11-Jul-23,https://www.drishtiias.com/current-affairs-news-analysis-editorials/news-analysis/11-07-2023,https://www.drishtiias.com/current-affairs-news-analysis-editorials/news-analysis/11-07-2023/print/manual
10-Jul-23,https://www.drishtiias.com/current-affairs-news-analysis-editorials/news-analysis/10-07-2023,https://www.drishtiias.com/current-affairs-news-analysis-editorials/news-analysis/10-07-2023/print/manual
08-Jul-23,https://www.drishtiias.com/current-affairs-news-analysis-editorials/news-analysis/08-07-2023,https://www.drishtiias.com/current-affairs-news-analysis-editorials/news-analysis/08-07-2023/print/manual
07-Jul-23,https://www.drishtiias.com/current-affairs-news-analysis-editorials/news-analysis/07-07-2023,https://www.drishtiias.com/current-affairs-news-analysis-editorials/news-analysis/07-07-2023/print/manual
06-Jul-23,https://www.drishtiias.com/current-affairs-news-analysis-editorials/news-analysis/06-07-2023,https://www.drishtiias.com/current-affairs-news-analysis-editorials/news-analysis/06-07-2023/print/manual
05-Jul-23,https://www.drishtiias.com/current-affairs-news-analysis-editorials/news-analysis/05-07-2023,https://www.drishtiias.com/current-affairs-news-analysis-editorials/news-analysis/05-07-2023/print/manual
04-Jul-23,https://www.drishtiias.com/current-affairs-news-analysis-editorials/news-analysis/04-07-2023,https://www.drishtiias.com/current-affairs-news-analysis-editorials/news-analysis/04-07-2023/print/manual
19-Jun-23,https://www.drishtiias.com/current-affairs-news-analysis-editorials/news-analysis/19-06-2023,https://www.drishtiias.com/current-affairs-news-analysis-editorials/news-analysis/19-06-2023/print/manual
17-Jun-23,https://www.drishtiias.com/current-affairs-news-analysis-editorials/news-analysis/17-06-2023,https://www.drishtiias.com/current-affairs-news-analysis-editorials/news-analysis/17-06-2023/print/manual
16-Jun-23,https://www.drishtiias.com/current-affairs-news-analysis-editorials/news-analysis/16-06-2023,https://www.drishtiias.com/current-affairs-news-analysis-editorials/news-analysis/16-06-2023/print/manual
15-Jun-23,https://www.drishtiias.com/current-affairs-news-analysis-editorials/news-analysis/15-06-2023,https://www.drishtiias.com/current-affairs-news-analysis-editorials/news-analysis/15-06-2023/print/manual
14-Jun-23,https://www.drishtiias.com/current-affairs-news-analysis-editorials/news-analysis/14-06-2023,https://www.drishtiias.com/current-affairs-news-analysis-editorials/news-analysis/14-06-2023/print/manual
13-Jun-23,https://www.drishtiias.com/current-affairs-news-analysis-editorials/news-analysis/13-06-2023,https://www.drishtiias.com/current-affairs-news-analysis-editorials/news-analysis/13-06-2023/print/manual
12-Jun-23,https://www.drishtiias.com/current-affairs-news-analysis-editorials/news-analysis/12-06-2023,https://www.drishtiias.com/current-affairs-news-analysis-editorials/news-analysis/12-06-2023/print/manual
10-Jun-23,https://www.drishtiias.com/current-affairs-news-analysis-editorials/news-analysis/10-06-2023,https://www.drishtiias.com/current-affairs-news-analysis-editorials/news-analysis/10-06-2023/print/manual
09-Jun-23,https://www.drishtiias.com/current-affairs-news-analysis-editorials/news-analysis/09-06-2023,https://www.drishtiias.com/current-affairs-news-analysis-editorials/news-analysis/09-06-2023/print/manual
08-Jun-23,https://www.drishtiias.com/current-affairs-news-analysis-editorials/news-analysis/08-06-2023,https://www.drishtiias.com/current-affairs-news-analysis-editorials/news-analysis/08-06-2023/print/manual
07-Jun-23,https://www.drishtiias.com/current-affairs-news-analysis-editorials/news-analysis/07-06-2023,https://www.drishtiias.com/current-affairs-news-analysis-editorials/news-analysis/07-06-2023/print/manual
06-Jun-23,https://www.drishtiias.com/current-affairs-news-analysis-editorials/news-analysis/06-06-2023,https://www.drishtiias.com/current-affairs-news-analysis-editorials/news-analysis/06-06-2023/print/manual
05-Jun-23,https://www.drishtiias.com/current-affairs-news-analysis-editorials/news-analysis/05-06-2023,https://www.drishtiias.com/current-affairs-news-analysis-editorials/news-analysis/05-06-2023/print/manual
03-Jun-23,https://www.drishtiias.com/current-affairs-news-analysis-editorials/news-analysis/03-06-2023,https://www.drishtiias.com/current-affairs-news-analysis-editorials/news-analysis/03-06-2023/print/manual
02-Jun-23,https://www.drishtiias.com/current-affairs-news-analysis-editorials/news-analysis/02-06-2023,https://www.drishtiias.com/current-affairs-news-analysis-editorials/news-analysis/02-06-2023/print/manual
01-Jun-23,https://www.drishtiias.com/current-affairs-news-analysis-editorials/news-analysis/01-06-2023,https://www.drishtiias.com/current-affairs-news-analysis-editorials/news-analysis/01-06-2023/print/manual
31-May-23,https://www.drishtiias.com/current-affairs-news-analysis-editorials/news-analysis/31-05-2023,https://www.drishtiias.com/current-affairs-news-analysis-editorials/news-analysis/31-05-2023/print/manual
30-May-23,https://www.drishtiias.com/current-affairs-news-analysis-editorials/news-analysis/30-05-2023,https://www.drishtiias.com/current-affairs-news-analysis-editorials/news-analysis/30-05-2023/print/manual
29-May-23,https://www.drishtiias.com/current-affairs-news-analysis-editorials/news-analysis/29-05-2023,https://www.drishtiias.com/current-affairs-news-analysis-editorials/news-analysis/29-05-2023/print/manual
27-May-23,https://www.drishtiias.com/current-affairs-news-analysis-editorials/news-analysis/27-05-2023,https://www.drishtiias.com/current-affairs-news-analysis-editorials/news-analysis/27-05-2023/print/manual
26-May-23,https://www.drishtiias.com/current-affairs-news-analysis-editorials/news-analysis/26-05-2023,https://www.drishtiias.com/current-affairs-news-analysis-editorials/news-analysis/26-05-2023/print/manual
25-May-23,https://www.drishtiias.com/current-affairs-news-analysis-editorials/news-analysis/25-05-2023,https://www.drishtiias.com/current-affairs-news-analysis-editorials/news-analysis/25-05-2023/print/manual
24-May-23,https://www.drishtiias.com/current-affairs-news-analysis-editorials/news-analysis/24-05-2023,https://www.drishtiias.com/current-affairs-news-analysis-editorials/news-analysis/24-05-2023/print/manual
23-May-23,https://www.drishtiias.com/current-affairs-news-analysis-editorials/news-analysis/23-05-2023,https://www.drishtiias.com/current-affairs-news-analysis-editorials/news-analysis/23-05-2023/print/manual
22-May-23,https://www.drishtiias.com/current-affairs-news-analysis-editorials/news-analysis/22-05-2023,https://www.drishtiias.com/current-affairs-news-analysis-editorials/news-analysis/22-05-2023/print/manual
20-May-23,https://www.drishtiias.com/current-affairs-news-analysis-editorials/news-analysis/20-05-2023,https://www.drishtiias.com/current-affairs-news-analysis-editorials/news-analysis/20-05-2023/print/manual
